產品編號,產品名
P000000010,"牛肉米粉 70克"
P000000039,"紫菜湯麵 90克 x 5"
P000000057,"香甜玉米片 (粟米片) Frosties 175克"
P000000070,"燒米餅 72克"
P000000073,"魚仔餅 - 海苔口味 33克"
P000000087,"蝦肉燒賣 10件裝 120克"
P000000106,"啤酒 Pale Pilsen - 罐裝 330毫升 x 12"
P000000110,"曬駱駝 Xylitol 無糖香口珠 - 士多啤梨 20粒裝 28克"
P000000114,"上湯伊麵 90克 x 5"
P000000115,"Club 朱古力夾心橙餅 7件裝 154克"
P000000123,"高纖木瓜低脂牛奶飲品 236毫升"
P000000135,"蛋糕 - 原味 All Butter All Purpose Pound Cake 300克"
P000000142,"啤酒 - 罐裝 330毫升 x 12"
P000000157,"茉莉香米王 8公斤"
P000000160,"忌廉雞粒蘑菇湯 410克"
P000000161,"ABC 雜菜湯 300克"
P000000171,"檸檬青檸味汽水 - 樽裝 500毫升"
P000000174,"礦物質水 770毫升"
P000000178,"消化餅 400克"
P000000186,"炒麵王 - 特式香辣醬味 120克"
P000000187,"黑加侖子軟糖 30粒裝 60克"
P000000195,"紫菜蝦餅 36克"
P000000203,"去頭屑洗髮露 - 均衡水潤 - 中性髮質適用 620毫升"
P000000213,"高鈣起司 (芝士) - 較低脂 12片裝 250克"
P000000228,"紅豆霸 (紅豆冰凍甜點) 4支裝 (80毫升 x 4支) 320毫升"
P000000233,"糖水波蘿片 567克"
P000000235,"九江醇舊雙蒸酒 500毫升"
P000000236,"啫喱粉 - 芒果味 80克"
P000000247,"迷你紙巾 - 原味 18包裝"
P000000254,"金牌鮮茄汁焗豆 420克"
P000000256,"洗衣粉 - 清新花果 (環保補充裝) 2.25公斤"
P000000270,"啤酒 Pale Pilsen - 罐裝 - 500毫升 x 4"
P000000300,"公仔麵 - 雞蓉味 92克 x 5"
P000000301,"點心麵 (杯麵) - 肉絲味 34克"
P000000309,"大碗麵 - 特辣 (拉麵) 114克"
P000000310,"石鍋拉麵 120克 x 5"
P000000311,"杯麵 - 辣白菜拉麵 70克"
P000000318,"七喜 - 樽裝 1.25公升"
P000000334,"天然礦泉水 1.5公升"
P000000352,"冰極檸檬茶 480毫升"
P000000354,"檸檬青檸味汽水 - 樽裝 1.25公升"
P000000357,"雪梨茶 500毫升"
P000000369,"Mini Snack 榛子巴夫 (榛子果仁醬卷酥皮點心) 125克"
P000000384,"橄欖果渣油 1公升 x 2"
P000000388,"胡椒湯麵 80克 x 5"
P000000390,"公仔麵 - 麻油味 90克 x 5"
P000000395,"銀絲米粉 4片家庭裝 (內附調味包) 280克"
P000000413,"零系可樂 Zero - 罐裝 330毫升 x 8"
P000000432,"Ebi 迷你蝦餅 (條裝) 33克"
P000000451,"果醋 (青蘋果味) 350毫升"
P000000457,"純牛奶 1公升 x 3"
P000000458,"高鈣低脂牛奶飲品 250毫升 x 6"
P000000496,"橙汁汽水 - 樽裝 2公升"
P000000511,"潮州粉果 8件裝 224克"
P000000548,"鈣思寶 - 高鈣大豆燕麥健康飲品 - 燕麥味 250毫升 x 6"
P000000600,"(米王之皇) 純正泰國頂級金鳳香米 5公斤"
P000000634,"珍珠米 5公斤"
P000000638,"三合一速溶咖啡飲品 - 原味咖啡 14克 x 20"
P000000646,"Belcube 芝士粒 - Plain (藍盒) 24件裝 125克"
P000000651,"梳打餅 - 芝麻 210克"
P000000655,"無糖香口珠 - 超涼薄荷味 20粒袋裝 28克"
P000000659,"雞汁伊麵 65克"
P000000661,"爽滑奶油味麵 340克"
P000000672,"油浸沙甸 125克"
P000000694,"原味奶茶3合1 - 17克 x 10"
P000000697,"鐵觀音茶包 x 100"
P000000701,"Shiraz Cabernet 羅列施赫卡貝納 (切拉子赤霞珠) 紅酒 750毫升"
P000000713,"葡汁 (椰味咖喱汁) 235克"
P000000729,"高鈣起司 (芝士) - 原味 12片裝 250克"
P000000735,"鋒隱 Fusion 5+1 刮鬚刀 - 套裝 (1刀把 + 2刀頭)"
P000000741,"超濃縮洗衣液 - 抗菌配方 3公升"
P000000743,"衣物柔順劑經濟裝 - 清新氣息 2公升"
P000000747,"午餐肉 198克"
P000000748,"午餐肉 170克 x 3"
P000000749,"糖水波蘿片 836克"
P000000762,"漂白水 - 天然原味 2.8公升"
P000000774,"礦物質水 1.5公升"
P000000775,"純蒸餾水 1.5公升"
P000000779,"天然氣泡礦泉水 750毫升"
P000000792,"粒粒裝榛子威化餅 Quadratini Napolitaner 250克"
P000000793,"忌廉威化 - 朱古力味 200克"
P000000807,"原味玉米片 (粟米片) Classic Corn Flakes 170克"
P000000812,"可可脆片 Koko Krunch 170克"
P000000823,"可樂 - 樽裝 1.25公升"
P000000831,"洗潔精 (維他命E檸檬護膚) - 補充裝 1.3公斤"
P000000834,"美祿 Milo 可可球 170克"
P000000835,"可可米 Coco Pops 190克"
P000000840,"夾心曲奇 (獨立包裝 26.25克 x 9包) 236.25克"
P000000858,"金裝3合1咖啡 17克 x 10"
P000000859,"電解質補充飲料 - 沖劑 66克 x 5"
P000000865,"Professional 強勁薄荷味無糖香口珠 20粒 28克"
P000000867,"Cawarra Shiraz Cabernet 施赫卡貝納 (切拉子赤霞珠) 紅酒 750毫升"
P000000868,"純蒸餾水 430毫升"
P000000869,"長青高鈣低脂奶粉 (51+ 歲) 800克"
P000000870,"高鈣低脂奶粉 (19-50歲) 800克"
P000000875,"純蒸餾水 700毫升"
P000000876,"電解質補充飲料 1.5公升"
P000000880,"牛油 - 含鹽 200克"
P000000883,"礦物質水 500毫升"
P000000884,"高鈣奶粉 800克"
P000000895,"高鈣低脂牛奶飲品 946毫升"
P000000907,"高鈣奶粉 - 健骨營養配方 (較低脂) (50歲以上) 800克"
P000000919,"萬用紙 9吋 4卷裝"
P000000922,"鮮豆漿 - 高鈣香滑 236 毫升"
P000000923,"鮮豆漿 - 高鈣低糖 236毫升"
P000000927,"全麥營養早餐 430克"
P000000933,"夏枯草 (低糖) 500毫升"
P000000934,"雞骨草 (低糖) 500毫升"
P000000942,"通心粉 (n.41) 500克"
P000000946,"高鈣低脂牛奶飲品 1公升 x 3"
P000000956,"脫脂牛奶 1公升 x 3"
P000000965,"紐西蘭奶油 (牛油) - 有鹽 227克"
P000000974,"""錫紙"" (鋁箔) 75平方呎 (6.96 平方米)"
P000000977,"C.C. Lemon 檸檬水 - 樽裝 500毫升"
P000000983,"深層潤膚乳液 380毫升"
P000000986,"金裝至尊 (180克/卷, VC4469) 3層衛生紙 10/12卷裝"
P000000991,"Rocher 金莎朱古力 T24 (24粒裝) 金鑽禮盒 300克"
P000001001,"安嬰兒 Enfamil A+ LactoFree (無乳糖配方) 嬰兒配方奶粉 370克"
P000001006,"巨浪大切番茄味薯片 150克"
P000001018,"Nespray 即溶奶粉 800克"
P000001030,"無比膏 20克"
P000001034,"即溶奶粉 2.2公斤"
P000001061,"高鈣健骨低脂奶粉 1.7公斤"
P000001062,"(米王之皇) 紅米 1.5公斤"
P000001063,"(米王之皇) 香糙米 1.5公斤"
P000001072,"長青高鈣低脂奶粉 (51+ 歲) 1.7公斤"
P000001099,"青芥辣 Wasabi 43克"
P000001105,"Belcube 芝士粒 - Plain (藍盒) 15件裝 78克"
P000001107,"煙燻芝士腸 (12.7安士) 360克"
P000001110,"煙燻辣肉腸 Hot & Spicy (12.7安士) 360克"
P000001116,"珍寶 Jumbo 200 (Y215V2JWG) 3層衛生紙 10/12卷裝"
P000001117,"王牌潔柔 3層衛生紙 10卷裝"
P000001127,"九州大阿蘇牛乳/牛奶 (UHT牛奶) 1公升"
P000001131,"天然礦泉水 (含氣) 1.5公升"
P000001139,"花生醬 - 粗粒裝 510克"
P000001146,"漂白水 - 檸檬味 1.5公升"
P000001152,"殺菌洗衣液 (清新花香) - 環保補充裝 1.8公升"
P000001154,"微波爐保鮮紙 50呎"
P000001159,"扁意粉 (n.13) 500克"
P000001164,"Shiraz Cabernet 施赫卡貝納 (切拉子赤霞珠) 紅酒 750毫升"
P000001174,"金牌鮮茄汁焗豆 220克"
P000001180,"啤酒 - 罐裝 500毫升 x 4"
P000001199,"清亮洗潔精 1公升"
P000001202,"驅風油 57毫升"
P000001206,"鮮薑汁豆腐花 229毫升"
P000001222,"雪糕甜筒 Drumstick - 芒果狂熱 115毫升 x 4"
P000001247,"食具器皿濃縮洗劑 (透明樽裝) 1公升"
P000001269,"潔廁液 (柑橘清香) 750亳升"
P000001272,"經典迷你組合雪糕 Mini Classics 75毫升 x 6杯"
P000001273,"扁粗意大利粉 Linguine (n.7) 500克"
P000001275,"意大利粉 Spaghetti (n.12) 500克"
P000001288,"黑啤酒 (特酿) Foreign Extra - 樽裝 650毫升"
P000001292,"豆漿 (原味) 408毫升"
P000001304,"維也納腸 Wieners 16安士"
P000001308,"冰片糖 (特級) 454克"
P000001313,"天使麵 Capellini (n.9) 500克"
P000001317,"鮮炸鯪魚 227克"
P000001332,"調製豆乳 1公升"
P000001347,"奶油芝士 (忌廉芝士/乳脂干酪) - 原味 250克"
P000001355,"纖巧紙巾盒 (200組) 5盒裝"
P000001363,"California Red 加州紅酒 1.5公升"
P000001365,"電解質補充飲品 - 樽裝 1.2公升"
P000001372,"泰國香糙米 1公斤"
P000001374,"蜂蜜 Pure Bee 375克"
P000001375,"野花蜂蜜 Wild Flower 方便裝 250克"
P000001379,"三葉草蜂蜜 Clover 500克"
P000001383,"澳洲天然蜂蜜 (方便裝) 400克"
P000001385,"超濃縮洗衣粉 - 超潔亮白 (補充裝) 2.25公斤"
P000001400,"新鮮雞蛋 AA級 - 特大裝 8隻 480克"
P000001411,"超濃縮洗衣液 - 抗菌配方 2公升"
P000001424,"超濃縮通渠啫喱 450毫升"
P000001433,"超濃縮洗衣粉 - 超潔亮白 3.5公斤"
P000001442,"新鮮雞蛋 AA級 - 大裝 8隻 424克"
P000001447,"曲奇朱古力條 50.7克"
P000001462,"原味玉米片 (粟米片) Classic Corn Flakes 275克"
P000001466,"萬用廚紙 (藍色包裝) (2-ply x 75 sheets) 4卷裝"
P000001476,"薯片 - 酸忌廉洋蔥味 102克"
P000001487,"Black 特濃朱古力 - 盒裝 (26粒裝) 120克"
P000001500,"清淡橄欖油 1公升"
P000001513,"槐花蜂蜜 Acacia 方便裝 250克"
P000001517,"低脂純乳酪 (不添加蔗糖) 475克"
P000001532,"多用途濃縮清潔劑 - 原味 1公升"
P000001557,"特效止痛藥 20粒"
P000001558,"滲透止痛貼 10片"
P000001559,"特級植物牛油 160克"
P000001561,"槐花蜜 500克"
P000001569,"火腿餐肉 340克"
P000001573,"倍力加 Enercal Plus 即沖均衡營養素 900克"
P000001575,"薄荷潤唇膏 (藥用 SPF15) 3.5克"
P000001577,"Shave Guard 刮鬍泡/剃鬚膏 (敏感膚質專用配方) (220毫升) 210克"
P000001582,"Lip Ice 什果冰潤唇膏 - 檸檬 3.5克"
P000001590,"出前一丁即食麵 - 九州濃湯豬骨湯味 98克"
P000001595,"特效滋潤沐浴露 2公升"
P000001604,"3合1白咖啡 - 經典 38克 x 10"
P000001606,"黃牌系列 - Merlot 梅鹿紅酒 750毫升"
P000001608,"三合一即溶咖啡 20克 x 18"
P000001615,"鮮牛奶 1.5公升"
P000001616,"高鈣低脂牛奶飲品 1.5公升"
P000001620,"糖水波蘿片 567克"
P000001622,"糖水波蘿片 836克"
P000001625,"榨菜肉絲 240克"
P000001628,"螺絲粉 (n.98) 500克"
P000001630,"葡萄籽油 1公升"
P000001631,"菲律賓香蕉 (每磅) (75536)"
P000001637,"煎炸滑豆腐 350毫升"
P000001639,"保鮮紙 300呎"
P000001661,"黑啤酒 (特酿) Foreign Extra - 罐裝 330毫升 x 4"
P000001662,"七喜 - 樽裝 2公升"
P000001663,"成人配方 Advance - Complete from A to Zinc (多種維他命及礦物質) 100粒"
P000001691,"0.02 水性聚氨脂安全套 Hydro PU 10個"
P000001692,"雙重功效 (維他命C加鋅) 香橙味水溶片 10片"
P000001703,"無倦意咳水 (清新提子味) 120毫升"
P000001706,"朱古力批 (巧克力批) - 士多啤梨味 300克"
P000001712,"+C有汽檸檬味飲品 - 罐裝 330毫升 x 8"
P000001714,"日本肝油丸 (Drop S) 300粒"
P000001715,"蠔油 555克"
P000001719,"親護 1 Similac Total Comfort 820克"
P000001720,"親護 2 Similac Total Comfort 820克"
P000001724,"原隻極上鮮蝦雲吞 8件裝 101克"
P000001732,"鰵魚肝油 - 鮮橙 400毫升"
P000001740,"低脂高鈣奶類飲品 1公升 x 3"
P000001751,"袋裝鮮橙 (8個裝) (70005)"
P000001761,"(每個) (73763)"
P000001765,"純牛奶 250毫升 x 6"
P000001771,"Exacta 2 Sensitive Skin 高級防滑輕便刀 (滋潤型 - 綠色) (2+1) 3支裝"
P000001772,"Exacta 2 Normal Skin 高級防滑輕便刀 (藍色) 5支裝"
P000001777,"大裝鮮橙「60裝/72裝」(每個) (73447)"
P000001779,"(每個) (73753)"
P000001788,"(每個) (37157)"
P000001801,"檸檬夾心餅 (獨立包裝 24克 x 12包) 288克"
P000001805,"袋裝 (1棵) (919324)"
P000001807,"時時食夾心餅 - 花生味 (50克 x 8包) 400克"
P000001824,"(每個) (75432)"
P000001855,"北海道特選3.6牛乳 (UHT牛奶) 迷你裝 200毫升"
P000001872,"出前一丁即食麵 - 黑蒜油豬骨湯味 97克"
P000001874,"小磨麻油 150亳升"
P000001881,"純正馬蹄粉 500克"
P000001893,"雙效潔廁液 (海洋清香) 650毫升"
P000001902,"金黃粟米湯 310克"
P000001919,"能量飲品 - 香橙 300毫升"
P000001931,"芝士醬 8粒裝 120克"
P000001934,"0.03 貼身超薄安全套 Real Fit 10個"
P000001942,"上湯米粉 65克"
P000001949,"超薄倍滑裝更薄型衛生套 Elite Ultra Thin Extra Lube 10個"
P000001956,"森林蜂蜜 Forest 500克"
P000001968,"橙樹槐花蜜 Fruity and Floral 250克"
P000001980,"普洱茶包  x 100"
P000001983,"皇冠型安全套 Crown 10個"
P000002008,"Illuma Luxa 4 學兒成長配方奶粉 800克"
P000002027,"特柔 Extra Soft (150克/卷, HKBT910, 藍色包裝) 3層衛生紙 10卷裝"
P000002028,"金鑽系列 (1740克, VC4420) 4層衛生紙 12卷裝"
P000002029,"4層衛生紙 (紫色包裝) 12卷裝"
P000002036,"北海道富良野特選3.7牛乳 (UHT牛奶) 1公升"
P000002041,"冰鮮麻皇雞 (全雞) 1隻 (938852)"
P000002049,"頂級越南香米 5公斤"
P000002050,"頂級越南香米 8公斤"
P000002051,"珍珠米 5公斤"
P000002052,"珍珠米 8公斤"
P000002054,"特選優質香米 5公斤"
P000002055,"特選優質香米 8公斤"
P000002058,"靚米 8公斤"
P000002073,"五穀米 1.8公斤"
P000002077,"最高級特撰米 5磅 (2.27公斤)"
P000002101,"成人紙尿片 夜用型 (中碼) 9片"
P000002104,"看護墊 長效型 (大碼) 8片"
P000002121,"花生醬 - 幼滑裝 510克"
P000002122,"花生醬 - 幼滑裝 170克"
P000002145,"狗食乾糧 (成犬專用) - 牛肉及蔬菜味  1.5公斤"
P000002153,"怡保康 Glucerna 850克"
P000002173,"狗食乾糧 (成犬專用) - 雞肉味 10公斤"
P000002183,"啤酒 Pale Pilsen - 菲律賓樽裝 (Imported) 320毫升"
P000002207,"天然礦泉水 570毫升"
P000002213,"熱帶雜果 439克"
P000002239,"天然深層地下水 1公升"
P000002240,"天然深層地下水 500毫升"
P000002243,"有機短糙米 1公斤"
P000002267,"Almond Chocolate Crisp 杏仁脆米朱古力 (紙盒裝) 89克"
P000002276,"港式奶茶 - 250毫升 x 6"
P000002282,"1+2 原味即溶咖啡飲品 15克 x 20"
P000002300,"Ultra Strong 超韌 (100抽 x 3層, L加大裝:189mm, VC2225) 軟抽面巾 4包裝"
P000002301,"茶語系列 (150抽 x 2層, HKDT3150) 軟抽面紙 5包裝"
P000002302,"180抽抽取式紙面巾 (180抽 x 2層, HCR003) 5包裝"
P000002314,"殺菌消毒濕紙巾 10片裝"
P000002318,"殺菌消毒濕紙巾 (迪士尼) 10片裝"
P000002336,"自發粉 800克"
P000002344,"高質淨麵粉 800克"
P000002367,"盒裝 125克 (926840)"
P000002371,"無蔗糖添加即沖100%豆漿 20克 x 8"
P000002390,"花生醬 - 粗粒裝 170克"
P000002407,"袋裝 (340克 / 12安士) (55505)"
P000002410,"蜂皇漿 (in Mountain Flower Honey) 375克"
P000002411,"槐花蜂巢蜂蜜 Acacia Honeycomb 500克"
P000002474,"古法生抽王 500毫升"
P000002476,"金牌蠔油 380克"
P000002484,"香片茶包 x 100"
P000002505,"天然礦泉水 1.5公升 x 6"
P000002507,"花生醬 - 粗粒裝 340克"
P000002519,"日本櫻花雞蛋 10隻"
P000002520,"通心粉 Chifferi Rigati (n.33) 500克"
P000002530,"葯水 1.75安士 (50毫升)"
P000002531,"脫脂高鈣牛奶飲品 236毫升"
P000002552,"天然氣泡礦泉水 1公升"
P000002575,"+維他命C (含多種維他命及礦物質) 葡萄口味咀嚼片 60粒"
P000002592,"Free Range 全脂牛奶 1公升"
P000002593,"Free Range 脫脂牛奶 1公升"
P000002604,"花生朱古力 (13 x 13.5克 繽紛裝) 175.5克"
P000002605,"奇趣蛋 (含新奇玩具) 男孩版 (單蛋裝) 20克"
P000002606,"奇趣蛋 (含新奇玩具) 女孩版 (單蛋裝) 20克"
P000002611,"奇趣蛋 (含新奇玩具) 女孩版 (3蛋裝) 20克 x 3"
P000002654,"衛生棉條 - 普通型 16片"
P000002655,"紫菜 (原味) 24小包 18克"
P000002657,"紫菜 (原味) 100小包 75克"
P000002660,"糖水波蘿片 234克"
P000002668,"IRT6520 耳溫槍"
P000002676,"白金版 3 幼兒成長配方奶粉 900克"
P000002686,"超滑牙線 Satin Floss (薄荷口味) 50米"
P000002692,"香蕉奶 200毫升"
P000002693,"士多啤梨奶 200毫升"
P000002694,"蜜瓜奶 200毫升 x 6"
P000002700,"乾貓糧 (成年貓) - 海洋魚類 1.2公斤"
P000002711,"化粧棉 180片"
P000002714,"冰凉消毒漱口水 250毫升"
P000002717,"梳打粉 56克"
P000002731,"泰國有機香米 2公斤"
P000002732,"泰國三色健康香米 5公斤"
P000002736,"健康糖 8.5克 100粒裝"
P000002759,"意大利粉 Spaghetti (N.4) 500克"
P000002761,"坑紋長尖通粉 Penne Zita Rigate (N.32) 500克"
P000002764,"意大利粉 Spaghetti (n.5) 500克"
P000002765,"直通粉 (n.73) 500克"
P000002766,"長通粉 Penne Rigate (n.41) 500克"
P000002773,"沐浴露 32安士 946毫升"
P000002792,"零感特薄 (日/夜用) 衛生巾 30厘米 16片"
P000002793,"特效滋潤沐浴露 1公升"
P000002799,"低脂乳酪 - 椰果 135克"
P000002810,"嬰兒紙尿片 (初生) 44片"
P000002814,"嬰兒紙尿片 (加大碼) 44片"
P000002822,"聲波震動牙刷 - 標準刷頭 (M) 1支"
P000002823,"聲波震動牙刷 - 超細刷頭 (SS) 1支"
P000002829,"紅醋 (藍莓味) 500毫升"
P000002833,"牛奶朱古力 - 盒裝 (26粒裝) 120克"
P000002843,"極緻綿柔纖巧夜用衛生巾 41厘米 8片"
P000002849,"Aquaction 長效保濕凝露 50克"
P000002863,"最高級特撰米 10磅 (4.54公斤)"
P000002867,"營養麥 (不另加糖) Swiss Style Muesli - No Added Sugar 560克"
P000002889,"強力凝聚貓沙 9公升"
P000002890,"茉莉香米 5公斤"
P000002893,"燕麥舒緩潤膚露 - 含燕麥萃取及乳木果油 621毫升"
P000002908,"緊緻活膚乳液 400毫升"
P000002909,"天然燕麥高效舒緩保濕乳 354毫升"
P000002913,"三重補濕彈力面膜 (極潤) 5片裝"
P000002938,"維他命香橙及檸檬夾心果汁糖 50克"
P000002953,"金裝銀絲香米 8公斤"
P000002955,"港式奶茶 - 樽裝 480毫升"
P000002962,"橄欖油 500毫升"
P000002984,"深層清潔洗髮露 900毫升"
P000002990,"止汗走珠香體露 - 原味 40毫升"
P000002999,"鮮菇粉 180克"
P000003001,"銀絲米粉 - 金牌原味 65克"
P000003011,"蜜蠟潤唇膏 4.25克"
P000003020,"冷榨橙汁 1公升"
P000003023,"瞬吸倍護絲薄護翼特長日用衛生巾 25厘米 14片"
P000003028,"止汗走珠香氛 - 持久乾爽 Dry Comfort 50毫升"
P000003037,"MC-246 電子體溫計"
P000003083,"皇室香皂 110克 x 4"
P000003086,"蔴蓉湯圓 24粒 240克"
P000003106,"無核提子乾 9包裝 125克"
P000003109,"高效去油洗潔精 2公斤"
P000003112,"有機雙益 Combiotic 3 幼兒成長奶粉 800克"
P000003119,"牛油 - 原味 / 無添加鹽 227克"
P000003121,"有機軟牛油 (含植物油) - 少鹽 Slightly Salted 200克"
P000003123,"綠豆霸 (綠豆冰凍甜點) 4支裝 (80毫升 x 4支) 320毫升"
P000003124,"有機黃豆硬豆腐 300克"
P000003129,"三合一速溶咖啡飲品 - 低脂咖啡 14克 x 20"
P000003136,"4層衛生紙 (1740克, VC4439) 12卷裝"
P000003141,"零感特薄 (特長日用) 衛生巾 25厘米 16片"
P000003146,"瞬吸倍護護翼夜用纖巧衛生巾 30厘米 8片"
P000003147,"好自在甜睡瞬潔護翼極長夜用衛生巾 40厘米 10片"
P000003153,"LT 活性乳酸菌飲品 - 低糖高纖 100毫升 x 5"
P000003158,"沙律醬 300克"
P000003160,"奇妙醬 (12安士) 354毫升"
P000003170,"S-26 Gold Connect 1 初生嬰兒配方奶粉 850克"
P000003172,"S-26 Gold Connect 3 幼兒成長配方奶粉 850克"
P000003173,"S-26 Gold Connect 4 學兒成長配方奶粉 850克"
P000003188,"單一穀物米粉 227克"
P000003192,"至薄極感裝衛生套 Air Max 10個"
P000003194,"50+配方 Advance - Complete from A to Zinc (多種維他命及礦物質) 100粒"
P000003195,"23種維他命及礦物質補充品 100粒"
P000003201,"全效賦活柔滑潔面霜 100克"
P000003205,"潤澤水嫩洗面乳 130克"
P000003208,"安睡倍護夜用纖巧衛生巾 (3D防漏邊) 35厘米 8片"
P000003215,"牛油蛋卷 3條裝 x 6"
P000003222,"抽取式萬用廚紙 (VC2394) 80張 x 3包裝"
P000003229,"Melona 蜜瓜味雪條 80毫升 x 4"
P000003243,"廚房全效清潔劑 - 噴霧裝 500克"
P000003257,"綠茶成分洗手梘液 (含濃縮綠茶配方) - 香花味 250毫升"
P000003264,"潤喉糖 - 清甜青檸味 25克"
P000003265,"草本潤無糖喉片 - 蜂蜜檸檬味 10.4克"
P000003267,"特強草本潤喉糖 (川貝、枇杷配方) 8粒裝 24克"
P000003280,"微波爐保鮮紙 65.6呎"
P000003282,"牛奶朱古力 Swiss Classic - Milk 100克"
P000003288,"乳酪飲品 - 藍莓 65毫升 x 6"
P000003303,"幼海鹽 500克"
P000003304,"南非海鹽 360克"
P000003309,"Melona 芒果味雪條 80毫升 x 4"
P000003312,"特選萬里脆花生 320克"
P000003319,"零系可樂 - 樽裝 1.25公升"
P000003321,"荳奶 - 椰子味 250毫升 x 6"
P000003323,"3合1白咖啡 - 榛果 38克 x 10"
P000003327,"輕盈純淨洗髮乳 680毫升"
P000003343,"冷氣機潔淨劑 (清新花香) 420毫升"
P000003384,"無睡意傷風素 Coltalin ND 24粒"
P000003389,"草本清熱沖劑 - 青檸味 6克 x 4"
P000003390,"草本清熱潤沖劑 - 青檸味 5克 x 4"
P000003423,"手製薯片 - 海鹽配方 5安士 142克"
P000003425,"火辣味波浪薯片 184.2克"
P000003437,"輕怡七喜碳酸飲料 - 罐裝 330毫升 x 8"
P000003438,"加系可樂膳食纖維 (無糖) - 樽裝 500毫升"
P000003445,"零系玉泉忌廉味汽水 - 罐裝 330毫升 x 8"
P000003449,"粒粒蘋果飲品 400毫升"
P000003450,"In 能量果凍飲品 (白葡萄) 180克"
P000003452,"防曬露 SPF50 150毫升"
P000003455,"極防水輕爽低敏 UV 乳液 SPF50+ PA++++ 60毫升"
P000003466,"超薄緊貼裝衛生套 10個"
P000003469,"0.01 水性聚氨脂安全套 4個"
P000003472,"出前一丁通心寶 - 海鮮鮑魚湯味通心粉 90克"
P000003476,"3D 一次性成人護理口罩 - 大碼 20個"
P000003486,"曲奇忌廉雪糕批 80毫升 x 4"
P000003487,"澳洲走地鮮雞蛋 6隻"
P000003491,"可可脆片 Koko Krunch 330克"
P000003492,"東莞米粉 454克"
P000003496,"清雞湯 500毫升"
P000003498,"藍苺比高 11.5安士 326克"
P000003499,"馬蘇里拉芝士薄餅 335克"
P000003503,"卡邦尼蘑菇意粉醬 295克 10.4安士"
P000003506,"2合1白咖啡 -  咖啡+奶精 25克 x 10"
P000003507,"純水嬰兒濕紙巾 30片 x 3"
P000003509,"去屑洗髮露 (止癢呵護) 680克"
P000003512,"維他命E深層滋潤洗髲露 900毫升"
P000003518,"豆腐花 229毫升"
P000003521,"粟米粒 410克"
P000003539,"丹麥必然芝士 125克"
P000003553,"罐裝貓糧 - 吞拿三文魚 (湯汁) 85克"
P000003554,"鮮饌包 - 鮪魚 (吞拿魚) 及鯛魚口味 70克"
P000003556,"罐裝貓糧 - 雞肉蟹柳 85克"
P000003569,"眼唇二合一卸妝液 150毫升"
P000003570,"溫和眼唇卸妝液 125毫升"
P000003573,"高效眼唇卸妝液 130毫升"
P000003576,"水感舒緩無油卸妝水 400毫升"
P000003589,"粟米油 900毫升 x 3"
P000003624,"嬰兒潤膚霜 (有機金盞花) 400毫升"
P000003627,"嬰兒潤膚乳霜 350毫升"
P000003628,"嬰兒潤膚乳 120毫升"
P000003633,"保濕滋潤霜 200毫升"
P000003634,"金盞花潤膚乳液 251毫升"
P000003636,"意大利粉 500克"
P000003642,"有機燕麥粉 227克"
P000003647,"黑白配 (朱古力捲香草味) 60克"
P000003658,"牧場牛乳餅乾 172克"
P000003661,"魚仔餅 - 烤雞口味 33克"
P000003669,"軟包紙巾 (150組 x 2層) 5包裝"
P000003670,"牛油  - 有鹽 195克"
P000003672,"脆烤花生 100克"
P000003673,"脆焗原粒杏仁 100克"
P000003675,"紅莓乾 170克"
P000003676,"克力架 424克"
P000003678,"原味薯片 60克"
P000003682,"花生醬 - 幼滑裝 340克"
P000003685,"餐桌鹽 454克"
P000003687,"白砂糖 400克"
P000003688,"梳打餅 - 芝麻 205克"
P000003690,"蒸餾水 550毫升"
P000003691,"原粒磨菇 425克"
P000003693,"茄汁焗豆 390克"
P000003694,"菠蘿片 836克"
P000003695,"全脂鮮牛奶 1公升"
P000003706,"無鹽焗合桃 120克"
P000003741,"鼻寧定量噴劑 30毫升"
P000003764,"頂級泰國茉莉香米 8公斤"
P000003765,"健康三色米 5公斤"
P000003766,"紅米 2公斤"
P000003767,"糯米 2公斤"
P000003769,"優質泰國茉莉香米 5公斤"
P000003771,"優質泰國茉莉香米 2公斤"
P000003772,"純正粟米油 5公升"
P000003773,"純正芥花籽油 900毫升 X 3"
P000003774,"純正粟米油 900毫升 x 3"
P000003776,"純正芥花籽油 1.8公升"
P000003777,"純正粟米油 1.8公升"
P000003780,"純正芥花籽油 700毫升"
P000003803,"奶皇包 3件"
P000003805,"白菜豬肉水餃 540克"
P000003806,"蝦餃 8件"
P000003807,"蝦肉燒賣 10件"
P000003810,"叉燒包 3件"
P000003811,"菜肉包 3件"
P000003821,"橄欖油浸吞拿魚塊 95克"
P000003824,"礦泉水浸吞拿魚塊 95克"
P000003825,"礦泉水浸吞拿魚片185克"
P000003826,"鹽水浸吞拿塊 185克"
P000003827,"礦泉水浸吞拿魚塊 185克"
P000003829,"橄欖油浸吞拿魚塊 185克"
P000003835,"菠蘿片 227克"
P000003836,"花生味威化 200克"
P000003838,"奶鹽梳打 205克"
P000003839,"朱古力味威化 200克"
P000003840,"檸檬味麥芽夾心餅 350克"
P000003841,"麥芽酥餅 350克"
P000003843,"三文治方麥包 8片"
P000003850,"即食燕麥片 800克"
P000003857,"三層印花衛生紙 10卷"
P000003861,"廚房紙 6卷"
P000003862,"廚房紙 4卷"
P000003868,"梳打水 6X320毫升"
P000003876,"錫蘭紅茶 100包"
P000003877,"錫蘭紅茶 25包"
P000003879,"全脂奶 (常溫) 1公升"
P000003880,"高鈣低脂奶 (常溫) 1公升"
P000003881,"脫脂奶 (常溫) 1公升"
P000003882,"高鈣低脂鮮牛奶飲品 1公升"
P000003884,"蒸餾水 1.5公升"
P000003885,"蒸餾水 5.5公升"
P000003888,"雲尼嗱味雪糕 1公升"
P000003889,"奶油曲奇雪糕 1公升"
P000003890,"朱古力味雪糕 1公升"
P000003892,"千島醬 305克"
P000003897,"傳統意粉醬 340克"
P000003899,"傳統意粉醬 670克"
P000003905,"意大利粉N5 500克"
P000003918,"芝士粟米片 198 GM"
P000003919,"燒烤味薯片 60克"
P000003924,"鮮橙汁 1.89 LT"
P000003925,"益生菌飲品 5支裝 63毫升"
P000003931,"泰國多營米 5公斤"
P000003946,"美國A級新鮮啡蛋(特大) 12隻"
P000003972,"芝麻梳打餅 180克"
P000003987,"即食燕麥片 1千克"
P000003991,"熱帶雜果 850克"
P000004016,"即溶咖啡 500克"
P000004029,"三合一奶茶 20包 330克"
P000004037,"通心粉 1千克"
P000004039,"漂白水 1.5公升"
P000004046,"白蛋 10隻"
P000004050,"純正粟米油 700毫升"
P000004051,"純正芥花籽油 5公升"
P000004052,"葡萄籽油 1公升"
P000004053,"初榨橄欖油 1 公升"
P000004054,"清淡橄欖油 1公升"
P000004055,"橄欖果渣油 1公升"
P000004062,"芝麻梳打餅 350克"
P000004067,"澳州天然蜜糖 400克"
P000004068,"經典純白盒裝面紙 5盒"
P000004069,"法國礦泉水 6 X 1.5公升"
P000004077,"粗鹽 454克"
P000004100,"巴西雞中翼 1包 2磅 (907克)"
P000004102,"芝士味雞尾腸 400克"
P000004103,"密實袋 (大) 40個"
P000004117,"嬰兒有機米餅 (紅薯) 20克"
P000004120,"有機波波米藍莓 38克"
P000004121,"桃星星餅 1.48安士 42克"
P000004125,"原味小饅頭 15克 x 4"
P000004134,"刀削式扁麵 200克 X3"
P000004137,"烏拉圭牛尾 454克"
P000004142,"過橋米線 200克X3"
P000004148,"全蛋麵 454克"
P000004155,"日式拉麵 160克X3"
P000004167,"保鮮紙(二百呎) 200FT"
P000004177,"幼滑花生醬 510GM"
P000004179,"朱古力紐紋花生醬 340克"
P000004180,"澳洲天然蜜糖 1 KG"
P000004212,"甘栗 100克"
P000004213,"脆烤開心果-樽裝 330克"
P000004215,"脆烤腰果-樽裝 370克"
P000004216,"雜錦果仁 80克"
P000004218,"脆烤核桃 100克"
P000004219,"朱古力威化卷 700克"
P000004221,"黑朱古力 190克"
P000004222,"烤焗腰果 40克"
P000004224,"青豆 80克"
P000004226,"海苔梳打 205克"
P000004227,"燕麥梳打 205克"
P000004228,"香蔥梳打 205克"
P000004232,"美國加州葡萄乾 500克"
P000004236,"棗泥核桃 100克"
P000004239,"洋蔥忌廉味薯片 60克"
P000004246,"松露味薯片 60克"
P000004248,"蜜糖脆烤原粒果仁 100克"
P000004253,"松露味薯片 25克"
P000004255,"黑松露味薯條 100克"
P000004266,"朱古力香蕉味薄脆 90克"
P000004272,"原味薯片 25克"
P000004274,"燒烤味薯片 25克"
P000004282,"朱古力棒 4 PC"
P000004299,"甘菊葉茶包 20包"
P000004301,"薄荷葉茶包 20包"
P000004307,"黃糖 1千克"
P000004310,"白砂糖 2千克"
P000004312,"白砂糖 800克"
P000004317,"菠蘿粒 227克"
P000004318,"即磨混合胡椒粒 45克"
P000004319,"意大利調味粉 19克"
P000004321,"香草醬 190克"
P000004322,"素肉意粉醬 670克"
P000004325,"凱撒沙律醬 305克"
P000004326,"自發粉 800克"
P000004333,"奧勒岡 11克"
P000004334,"紅胡椒碎 34克"
P000004335,"百里香 21克"
P000004336,"原粒鮮草菇 425克"
P000004345,"荷蘭有枝車厘茄 250 GM"
P000004357,"原粒香菇 425 GM"
P000004364,"碎片鮮草菇 425克"
P000004365,"原粒磨菇 425克"
P000004366,"原粒磨菇 184克"
P000004367,"切片磨菇 184克"
P000004368,"切片磨菇 425克"
P000004391,"健康三色米 2公斤"
P000004392,"廣東米酒 560毫升"
P000004409,"鮑汁海螺片 425克"
P000004410,"急凍雜菜 500克"
P000004414,"蠔皇海螺片 425克"
P000004419,"牛筋丸 170克"
P000004421,"急凍原隻特大虎蝦 (asc) 300克"
P000004422,"墨魚丸 170克"
P000004424,"香菇貢丸 170克"
P000004425,"雞包仔 3個"
P000004428,"原味烙餅 325克"
P000004432,"薄荷朱古力曲奇雪榚 1公升"
P000004434,"糯米包 3個"
P000004436,"香菇豬肉燒賣 550克"
P000004439,"炸魚丸 170克"
P000004457,"壓紋食物袋 (大) 100個"
P000004459,"三摺式抹手紙三包裝 250張X3"
P000004466,"保鮮紙 300呎"
P000004484,"衛生護墊孖裝 50片 x 2"
P000004486,"活性炭吸濕器3個優惠裝 720 ML"
P000004493,"消毒藥水 1.2公升"
P000004494,"洗潔精 (檸檬) 1.3公升"
P000004496,"微波爐保鮮紙 100呎"
P000004504,"卡通迷你紙巾 12包"
P000004508,"超濃縮洗潔精 (檸檬) 500毫升"
P000004511,"超濃縮洗潔精 (青檸) 500毫升"
P000004516,"地板清潔劑 (薰衣草) 2公升"
P000004517,"玻璃清潔劑 500毫升"
P000004521,"萬用去污乳 (檸檬) 500毫升"
P000004524,"三摺式抹手紙 250張"
P000004525,"萬用去污乳 (清新) 500毫升"
P000004603,"農夫中國冰鮮清遠雞 1PC"
P000004615,"青蘋果味洗潔精 2公升"
P000004632,"紅燒瑤柱鮑魚 (四隻裝) 180克"
P000004633,"蠔皇鮑魚 (四隻裝) 180克"
P000004663,"急凍溝槽香螺 (美國螺頭) 400克"
P000004724,"快熟燕麥片 1KG+200G"
P000004767,"紫菜 3'S X 5G"
P000004768,"泡菜岩海苔 3'S X 5G"
P000004769,"芥末岩海苔 3'S X 5G"
P000004780,"無鹽腰果 250克"
P000004816,"泡菜 1千克"
P000004828,"日本白蛋 10隻"
P000004844,"有機妊娠防紋油 (不含香料) 105毫升"
P000004846,"妊娠防紋膏 (清香配方) 150毫升"
P000004848,"高效除紋按摩膏 125克"
P000004851,"3 心美力 5 HMO 幼兒助長配方奶粉 850克"
P000004855,"無鹽牛油 200克"
P000004857,"特級植物牛油 320克"
P000004862,"牙火清 清火護齦牙膏 (冰爽薄荷) 95克"
P000004872,"3倍精煉魚油 80粒"
P000004874,"三文魚油丸 210粒"
P000004875,"增強版強腦素 60粒"
P000004876,"無腥味高濃度野生魚油 200粒"
P000004898,"深層卸妝潔膚水 500毫升"
P000004899,"多用途消毒濕紙巾 (檸檬味) 84片"
P000004909,"熬雞精 42毫升 x 14"
P000004910,"原味滴雞精 60克 x 6"
P000004911,"極上養生滴雞精 60毫升 x 6"
P000004912,"十六度超特濃熬雞精 60克 x 6"
P000004916,"泰國新鮮雞蛋 - 大 (L) 10隻"
P000004917,"泰國新鮮雞蛋 - 加大 (XL) 10隻"
P000004922,"活力褲 - 日用型 (大至加大碼) 8片"
P000004927,"泡菜 (白菜) 400克"
P000004934,"超透氣紙尿片(初生) 76片"
P000004935,"超透氣紙尿片(細碼) 70片"
P000004937,"超透氣紙尿片(大碼) 54片"
P000004944,"極品醇香黑芝麻油 150毫升"
P000004950,"益生元．菌固體飲品 14包"
P000004951,"益生菌 (合生原) 250億高效成人配方 30粒"
P000004957,"冬蔭功麵 (酸辣蝦湯麵) 70克 x 5"
P000004960,"芝士拉麵 111克 x 4"
P000004961,"牛骨湯麵 102克 x 5"
P000004968,"啤酒 500毫升 x 4"
P000004976,"保濕眼霜 10毫升"
P000004988,"國產強力粉 1公斤"
P000004989,"強力小麥粉 1公斤"
P000004999,"久咳丸 6樽裝"
P000005005,"造型啫喱 (彈性曲髮) 200毫升"
P000005007,"持久啫喱膏 (濕硬) 225克"
P000005008,"定型啫喱膏 (濕硬) 200克"
P000005010,"五蜈蚣標止咳丸 3克 x 12"
P000005012,"胃散 60克"
P000005015,"蜈蚣蠍子蛇王標活絡油 45毫升"
P000005016,"清新安美露 特效消炎鎭痛藥液 80毫升"
P000005020,"萬金油 (白色) 19.4克"
P000005021,"萬金油 (紅色) 30克"
P000005022,"白花油 1號 20毫升"
P000005025,"精裝七星茶顆粒沖劑 10克 x 20"
P000005033,"肌快適嬰兒紙尿褲 (加加大碼) 28片"
P000005036,"冰感防曬乳液 SPF50 PA++++ 75亳升"
P000005037,"持采 UV 高效防曬水凝乳 SPF50+ PA++++ 90克"
P000005043,"特級柔韌4層衛生紙 12卷"
P000005047,"柔亮去屑止癢洗髮乳 750克"
P000005050,"韓蔘滋養防脫髮洗髮液 (去屑止癢適用) 400毫升"
P000005052,"去頭屑保濕洗髮露 700毫升"
P000005054,"濕廁紙 40片 x 3"
P000005057,"濕廁紙 40片 x 3"
P000005064,"去屑洗髮露 (舒癢水潤) 680克"
P000005068,"非籠養雞蛋 (大) 10隻"
P000005074,"酸忌廉洋蔥味薯片(筒裝) 130克"
P000005075,"松露味薯片(筒裝) 130克"
P000005077,"(每個) (101378087)"
P000005078,"(1公斤) (101375509)"
P000005079,"(每個) (102127176)"
P000005080,"珍寶 (每個) (102127171)"
P000005081,"袋裝 1.8磅 (113291944)"
P000005085,"(每個) (101373851)"
P000005086,"珍寶金奇異果 (每個) (101362854)"
P000005087,"蛋黃醬 420克"
P000005091,"金裝奶茶 16.5克 x 20"
P000005092,"Super Moist 蛋糕粉 - 朱古力軟蛋糕 13.25安士 375克"
P000005097,"100%椰青水 1公升"
P000005098,"100%椰青水 500毫升"
P000005100,"柏齡健心三清高高鈣較低脂奶粉 750克"
P000005104,"急凍鯰魚柳 (asc) [越南] 240 克"
P000005108,"阿根廷紅蝦肉 200克"
P000005109,"急凍南美白蝦仁 (bap) 170克"
P000005117,"深層淨化柔滑去角質露 150克"
P000005120,"柔滑磨砂洗面膏 100克"
P000005128,"超濃縮抗菌柔順洗衣粉(幸福花語) 2.25公斤"
P000005130,"超濃縮全效抗菌柔順洗衣液 3公升"
P000005131,"超濃縮抗菌潔淨洗衣液 - 庭園花香 3公升"
P000005133,"地板清潔劑 (檸檬清香) 2公升"
P000005135,"雙重鎖緊密實袋 (中碼) 50個"
P000005140,"乳液修護洗髮露 650克"
P000005141,"強韌防斷洗髮露 650克"
P000005149,"薄荷微蠟牙線 50米"
P000005150,"超細滑護齦牙線 (薄荷) 50米"
P000005154,"鑽.耀白牙刷 1支"
P000005156,"極密潔淨牙刷 (標準寬頭+軟毛) 1支"
P000005157,"極薄防蛀牙刷 (超細刷頭) 3支"
P000005162,"B150 黑炭電動牙刷 1支"
P000005165,"熊抱安睡褲 (M碼) 4片"
P000005166,"熊抱安睡褲 (M碼) 4片 x 2"
P000005167,"熊抱安睡褲 (L碼) 4片"
P000005168,"熊抱安睡褲 (L碼) 4片 x 2"
P000005169,"熊抱安睡褲 (XL碼) 4片"
P000005170,"熊抱安睡褲 (XL碼) 8片"
P000005171,"無痕奢柔褲 (M-L碼) 3片"
P000005172,"無痕奢柔褲 (XL碼) 3片"
P000005173,"Air-Dry 雲枕瞬吸日用衛生巾 24厘米 10片"
P000005174,"Air-Dry 雲枕瞬吸日用量大衛生巾 28厘米 10片"
P000005175,"Air-Dry 雲枕瞬吸日用量大加長衛生巾 32厘米 8片"
P000005176,"Air-Dry Fresh 草本健康日用衛生巾 24厘米 10片"
P000005177,"Air-Dry Fresh 草本健康日用量大衛生巾 28厘米 10片"
P000005178,"Air-Dry Fresh 草本健康日用量大加長衛生巾 32厘米 8片"
P000005179,"安心熟睡褲 (S-M) 3片"
P000005180,"安心熟睡褲 (M-L) 3片"
P000005181,"草本抑菌特長透氣護墊 17.5厘米 44片"
P000005182,"極緻綿柔特長透氣護墊 17.5厘米 20片"
P000005183,"好自在 Air-Dry 雲枕護墊 16.3厘米 22片"
P000005184,"好自在 Air-Dry Fresh 純棉護墊 16.3厘米 22片"
P000005185,"柔滑型衛生棉條 (特多流量) 16片"
P000005186,"柔滑型衛生棉條 (一般流量) 16片"
P000005187,"棉條 (普通流量) 16支"
P000005188,"棉條 (大流量型) 16支"
P000005190,"男士去屑洗髮乳 (清爽控油) 750克"
P000005191,"女士去屑洗髮乳 (多效水護) 750克"
P000005192,"山茶花煥活水潤修護洗髮露 450毫升"
P000005193,"植物與咖啡因洗髮露 (染燙及受損頭髮) 250毫升"
P000005194,"養潤豐盈洗髮露 (舒壓型) 400毫升"
P000005196,"乳液修護潤髮精華素 650克"
P000005197,"頂級東北大米 3公斤"
P000005199,"高級泰國香米 8公斤"
P000005201,"泰國頂級香糙米 1.5公斤"
P000005204,"特級茉莉香米 5公斤"
P000005208,"香稻絲苗 3公斤"
P000005209,"橄欖油 2公升"
P000005211,"純正花生油 600毫升"
P000005212,"零反高健純正花生油 900毫升 x 3"
P000005213,"粵饌純正花生油 900毫升 x 3"
P000005215,"花生特級食油 900毫升"
P000005216,"花生特級食油 5公升"
P000005220,"零反健康純正粟米油 600毫升"
P000005223,"零反高健非基因改造醇正粟米油 900毫升 x 2"
P000005224,"芥花籽油 1公升"
P000005225,"健康高油酸葵花籽油 (零克反式脂肪) 900毫升 x 3"
P000005226,"意大利葡萄籽油 750毫升"
P000005227,"燕麥飯 200克"
P000005229,"黑毛豬午餐肉 200克"
P000005230,"火腿豬肉 198克"
P000005232,"午餐肉 (7安士) 198克"
P000005233,"減納午餐肉 340克"
P000005234,"午餐肉 198克"
P000005235,"午餐肉 397克"
P000005236,"火腿豬肉 198克"
P000005237,"火腿豬肉 340克"
P000005238,"火腿餐肉 198克"
P000005239,"午餐肉 340克"
P000005240,"午餐肉 340克"
P000005241,"午餐肉 200克"
P000005242,"午餐肉 340克"
P000005243,"火腿午餐肉 340克"
P000005244,"五香肉丁 142克"
P000005245,"五香肉丁 142克"
P000005246,"五香肉丁 142克"
P000005247,"五香肉丁 142克"
P000005248,"回鍋肉 198克"
P000005250,"日式照燒汁沙甸魚 100克"
P000005251,"日式辣油沙甸魚 100克"
P000005252,"日式茄汁沙甸魚 100克"
P000005254,"脫脂高鈣牛奶飲品 946毫升"
P000005255,"高鈣脫脂牛奶 236毫升"
P000005256,"頂級鮮牛奶 236毫升"
P000005257,"無乳糖牛奶飲品 200毫升"
P000005258,"100%鮮牛奶 946毫升"
P000005259,"頂級鮮牛奶 946毫升"
P000005260,"無乳糖牛奶飲品 946毫升"
P000005261,"香蕉低脂牛奶飲品 236毫升"
P000005264,"芒果木瓜低脂牛奶飲品 236毫升"
P000005265,"高鈣脫脂牛奶飲品 236毫升"
P000005266,"高鈣脫脂牛奶飲品 946毫升"
P000005267,"朱古力牛奶飲品 946毫升"
P000005268,"高鈣低脂朱古力牛奶飲品 236毫升"
P000005269,"高鈣低脂朱古力牛奶飲品 946毫升"
P000005270,"高鈣牛奶飲品 946毫升"
P000005271,"高品質鮮牛奶 236毫升"
P000005272,"高品質鮮牛奶 950毫升"
P000005275,"雲呢拿雪糕 460毫升"
P000005276,"朱古力雪糕 460毫升"
P000005277,"芒果雪糕 1公升"
P00001863,"整粒草菇 (精選級) 425克"
P00001864,"喼汁 150毫升"
